{
	"partitions" : [
		{
			"name" : "Top",
			"pins" : [
				{
					"name" : "HUM_INT[0]",
					"strict" : false
				},
				{
					"name" : "HUM_INT[1]",
					"strict" : false
				},
				{
					"name" : "HUM_INT[2]",
					"strict" : false
				},
				{
					"name" : "HUM_INT[3]",
					"strict" : false
				},
				{
					"name" : "HUM_INT[4]",
					"strict" : false
				},
				{
					"name" : "HUM_INT[5]",
					"strict" : false
				},
				{
					"name" : "HUM_INT[6]",
					"strict" : false
				},
				{
					"name" : "HUM_INT[7]",
					"strict" : false
				},
				{
					"name" : "HUM_FLOAT[0]",
					"strict" : false
				},
				{
					"name" : "HUM_FLOAT[1]",
					"strict" : false
				},
				{
					"name" : "HUM_FLOAT[2]",
					"strict" : false
				},
				{
					"name" : "HUM_FLOAT[3]",
					"strict" : false
				},
				{
					"name" : "HUM_FLOAT[4]",
					"strict" : false
				},
				{
					"name" : "HUM_FLOAT[5]",
					"strict" : false
				},
				{
					"name" : "HUM_FLOAT[6]",
					"strict" : false
				},
				{
					"name" : "HUM_FLOAT[7]",
					"strict" : false
				},
				{
					"name" : "TEMP_INT[0]",
					"strict" : false
				},
				{
					"name" : "TEMP_INT[1]",
					"strict" : false
				},
				{
					"name" : "TEMP_INT[2]",
					"strict" : false
				},
				{
					"name" : "TEMP_INT[3]",
					"strict" : false
				},
				{
					"name" : "TEMP_INT[4]",
					"strict" : false
				},
				{
					"name" : "TEMP_INT[5]",
					"strict" : false
				},
				{
					"name" : "TEMP_INT[6]",
					"strict" : false
				},
				{
					"name" : "TEMP_INT[7]",
					"strict" : false
				},
				{
					"name" : "TEMP_FLOAT[0]",
					"strict" : false
				},
				{
					"name" : "TEMP_FLOAT[1]",
					"strict" : false
				},
				{
					"name" : "TEMP_FLOAT[2]",
					"strict" : false
				},
				{
					"name" : "TEMP_FLOAT[3]",
					"strict" : false
				},
				{
					"name" : "TEMP_FLOAT[4]",
					"strict" : false
				},
				{
					"name" : "TEMP_FLOAT[5]",
					"strict" : false
				},
				{
					"name" : "TEMP_FLOAT[6]",
					"strict" : false
				},
				{
					"name" : "TEMP_FLOAT[7]",
					"strict" : false
				},
				{
					"name" : "CRC[0]",
					"strict" : false
				},
				{
					"name" : "CRC[1]",
					"strict" : false
				},
				{
					"name" : "CRC[2]",
					"strict" : false
				},
				{
					"name" : "CRC[3]",
					"strict" : false
				},
				{
					"name" : "CRC[4]",
					"strict" : false
				},
				{
					"name" : "CRC[5]",
					"strict" : false
				},
				{
					"name" : "CRC[6]",
					"strict" : false
				},
				{
					"name" : "CRC[7]",
					"strict" : false
				},
				{
					"name" : "WAIT",
					"strict" : false
				},
				{
					"name" : "DEBUG",
					"strict" : false
				},
				{
					"name" : "error",
					"strict" : false
				},
				{
					"name" : "done",
					"strict" : false
				},
				{
					"name" : "DHT_DATA",
					"strict" : false
				},
				{
					"name" : "CLK",
					"strict" : false
				},
				{
					"name" : "RST",
					"strict" : false
				},
				{
					"name" : "EN",
					"strict" : false
				}
			]
		}
	]
}