{
	"partitions" : [
		{
			"name" : "Top",
			"pins" : [
				{
					"name" : "out[0]",
					"strict" : false
				},
				{
					"name" : "out[1]",
					"strict" : false
				},
				{
					"name" : "out[2]",
					"strict" : false
				},
				{
					"name" : "out[3]",
					"strict" : false
				},
				{
					"name" : "out[4]",
					"strict" : false
				},
				{
					"name" : "out[5]",
					"strict" : false
				},
				{
					"name" : "out[6]",
					"strict" : false
				},
				{
					"name" : "out[7]",
					"strict" : false
				},
				{
					"name" : "led",
					"strict" : false
				},
				{
					"name" : "coluna",
					"strict" : false
				},
				{
					"name" : "out2",
					"strict" : false
				},
				{
					"name" : "chave_led",
					"strict" : false
				},
				{
					"name" : "chave_coluna",
					"strict" : false
				},
				{
					"name" : "in",
					"strict" : false
				},
				{
					"name" : "clk_50mhz",
					"strict" : false
				}
			]
		}
	]
}