{
	"partitions" : [
		{
			"name" : "Top",
			"pins" : [
				{
					"name" : "out",
					"strict" : false
				},
				{
					"name" : "state_r[0]",
					"strict" : false
				},
				{
					"name" : "state_r[1]",
					"strict" : false
				},
				{
					"name" : "state_t[0]",
					"strict" : false
				},
				{
					"name" : "state_t[1]",
					"strict" : false
				},
				{
					"name" : "data_transmitted",
					"strict" : false
				},
				{
					"name" : "linha",
					"strict" : false
				},
				{
					"name" : "chave",
					"strict" : false
				},
				{
					"name" : "in",
					"strict" : false
				},
				{
					"name" : "clk",
					"strict" : false
				}
			]
		}
	]
}